"selection1_name","selection1_image"
"Skip images
Show more images",""
"Skip images
Show more images",""
"Skip images",""
"Show more images",""
"",""
"",""
"",""
"",""
"","https://target.scene7.com/is/image/Target/GUEST_fcd09430-37e9-4ec1-b1cf-1f0ed617a6b3?wid=800&hei=800&qlt=80&fmt=pjpeg"
"",""
"",""
"",""
"",""
"",""
"",""
"",""
"","https://target.scene7.com/is/image/Target/GUEST_99e63e0c-4574-4426-a6a0-d5e669994351?wid=800&hei=800&qlt=80&fmt=pjpeg"
"",""
"",""
"",""
"",""
"","https://target.scene7.com/is/image/Target/GUEST_7f5d2923-c9b7-43db-a80d-354d6a74b416?wid=800&hei=800&qlt=80&fmt=pjpeg"
"",""
"",""
"",""
"",""
"","https://target.scene7.com/is/image/Target/GUEST_8badd03f-6c02-4abc-b884-eef0da2f5904?wid=800&hei=800&qlt=80&fmt=pjpeg"
"",""
"",""
"",""
"",""
"","https://target.scene7.com/is/image/Target/GUEST_9131287f-e8ae-4454-8bd4-ff4986e0a58f?wid=800&hei=800&qlt=80&fmt=pjpeg"
"Show more images",""
"Shop all Arm & Hammer
ARM & HAMMER Pure Baking Soda - 1lb
4.8 out of 5 stars with 2283 reviews
2283
1 Question
$1.69 ($0.11/ounce)
Pickup
Ready by October 9
Delivery
As soon as 3am today
Shipping
Arrives by Sat, Oct 12
Pick up at LA CentralCheck other stores
Ready by October 9 for pickup inside the store
Qty
1
Add to cart
Sign in to buy now
Eligible for registries and wish lists
Sign in
At a glance
Cruelty Free
Sponsored",""
"Shop all Arm & Hammer
ARM & HAMMER Pure Baking Soda - 1lb
4.8 out of 5 stars with 2283 reviews
2283
1 Question
$1.69 ($0.11/ounce)
Pickup
Ready by October 9
Delivery
As soon as 3am today
Shipping
Arrives by Sat, Oct 12
Pick up at LA CentralCheck other stores
Ready by October 9 for pickup inside the store
Qty
1
Add to cart
Sign in to buy now
Eligible for registries and wish lists
Sign in
At a glance
Cruelty Free
Sponsored",""
"",""
"Shop all Arm & Hammer",""
"Shop all Arm & Hammer",""
"Shop all Arm & Hammer",""
"Shop all Arm & Hammer",""
"ARM & HAMMER Pure Baking Soda - 1lb",""
"ARM & HAMMER Pure Baking Soda - 1lb",""
"4.8 out of 5 stars with 2283 reviews
2283
1 Question",""
"4.8 out of 5 stars with 2283 reviews
2283
1 Question",""
"4.8 out of 5 stars with 2283 reviews
2283
1 Question",""
"4.8 out of 5 stars with 2283 reviews
2283",""
"4.8 out of 5 stars with 2283 reviews",""
"2283",""
"",""
"1 Question",""
"1 Question",""
"$1.69 ($0.11/ounce)",""
"$1.69 ($0.11/ounce)",""
"$1.69 ($0.11/ounce)",""
"$1.69 ($0.11/ounce)",""
"$1.69 ($0.11/ounce)",""
"$1.69",""
"($0.11/ounce)",""
"",""
"",""
"",""
"",""
"",""
"Pickup
Ready by October 9
Delivery
As soon as 3am today
Shipping
Arrives by Sat, Oct 12
Pick up at LA CentralCheck other stores
Ready by October 9 for pickup inside the store
Qty
1
Add to cart
Sign in to buy now",""
"Pickup
Ready by October 9
Delivery
As soon as 3am today
Shipping
Arrives by Sat, Oct 12
Pick up at LA CentralCheck other stores
Ready by October 9 for pickup inside the store
Qty
1
Add to cart
Sign in to buy now",""
"Pickup
Ready by October 9
Delivery
As soon as 3am today
Shipping
Arrives by Sat, Oct 12
Pick up at LA CentralCheck other stores
Ready by October 9 for pickup inside the store
Qty
1
Add to cart
Sign in to buy now",""
"Pickup
Ready by October 9
Delivery
As soon as 3am today
Shipping
Arrives by Sat, Oct 12
Pick up at LA CentralCheck other stores
Ready by October 9 for pickup inside the store
Qty
1
Add to cart
Sign in to buy now",""
"Pickup
Ready by October 9
Delivery
As soon as 3am today
Shipping
Arrives by Sat, Oct 12
Pick up at LA CentralCheck other stores
Ready by October 9 for pickup inside the store
Qty
1
Add to cart
Sign in to buy now",""
"Pickup
Ready by October 9
Delivery
As soon as 3am today
Shipping
Arrives by Sat, Oct 12",""
"Pickup
Ready by October 9",""
"",""
"Pickup",""
"Ready by October 9",""
"Delivery
As soon as 3am today",""
"",""
"Delivery",""
"As soon as 3am today",""
"Shipping
Arrives by Sat, Oct 12",""
"",""
"Shipping",""
"Arrives by Sat, Oct 12",""
"Pick up at LA CentralCheck other stores
Ready by October 9 for pickup inside the store
Qty
1
Add to cart",""
"Pick up at LA CentralCheck other stores",""
"Pick up at",""
"LA Central",""
"Check other stores",""
"Ready by October 9 for pickup inside the store",""
"Ready by October 9 for pickup inside the store",""
"Ready by October 9",""
"Qty
1
Add to cart",""
"Qty
1
Add to cart",""
"Qty
1",""
"Qty
1",""
"Qty
1",""
"Qty",""
"1",""
"",""
"Add to cart",""
"Sign in to buy now",""
"",""
"Eligible for registries and wish lists
Sign in",""
"Eligible for registries and wish lists
Sign in",""
"Eligible for registries and wish lists
Sign in",""
"",""
"",""
"Eligible for registries and wish lists",""
"Eligible for registries and wish lists",""
"Sign in",""
"Sign in",""
"",""
"",""
"",""
"",""
"",""
"At a glance
Cruelty Free",""
"At a glance
Cruelty Free",""
"At a glance
Cruelty Free",""
"At a glance",""
"Cruelty Free",""
"Cruelty Free",""
"",""
"","https://target.scene7.com/is/image/Target/wellness_e66c5324287f4a7f"
"",""
"Sponsored",""
"Sponsored",""
"",""
"",""
"",""
"",""
"",""
"","https://f494676ff2a488d91b111458277fa2dd.safeframe.googlesyndication.com/safeframe/1-0-40/html/container.html"
"Sponsored",""
"",""